{"cameraMode":{"drawMode":0,"name":"Shaded","section":"Shading Mode"},"sceneLighting":true,"audioPlay":false,"sceneViewState":{"m_AlwaysRefresh":false,"showFog":false,"showSkybox":false,"showFlares":false,"showImageEffects":false,"showParticleSystems":false,"showVisualEffectGraphs":true,"m_FxEnabled":true},"in2DMode":false,"pivot":{"x":-3.5247068405151369,"y":-0.27046680450439455,"z":-0.09239614009857178},"rotation":{"x":-0.3435309827327728,"y":0.00874765682965517,"z":0.003201677929610014,"w":0.9391156435012817},"size":17.84478187561035,"orthographic":false}