{"cameraMode":{"drawMode":0,"name":"Shaded","section":"Shading Mode"},"sceneLighting":true,"audioPlay":false,"sceneViewState":{"m_AlwaysRefresh":false,"showFog":false,"showSkybox":false,"showFlares":false,"showImageEffects":false,"showParticleSystems":false,"showVisualEffectGraphs":true,"m_FxEnabled":true},"in2DMode":false,"pivot":{"x":0.8796849250793457,"y":0.8697948455810547,"z":-0.7862472534179688},"rotation":{"x":-0.31219011545181277,"y":-0.032469213008880618,"z":-0.010674766264855862,"w":0.9494252800941467},"size":16.003843307495118,"orthographic":false}