{"cameraMode":{"drawMode":0,"name":"Shaded","section":"Shading Mode"},"sceneLighting":true,"audioPlay":false,"sceneViewState":{"m_AlwaysRefresh":false,"showFog":false,"showSkybox":false,"showFlares":false,"showImageEffects":false,"showParticleSystems":false,"showVisualEffectGraphs":true,"m_FxEnabled":true},"in2DMode":false,"pivot":{"x":-4.567139625549316,"y":-1.1397829055786133,"z":-0.6483125686645508},"rotation":{"x":-0.6478040814399719,"y":-0.0009036072297021747,"z":-0.0007665552548132837,"w":0.7618310451507568},"size":2.222078800201416,"orthographic":false}