{"cameraMode":{"drawMode":0,"name":"Shaded","section":"Shading Mode"},"sceneLighting":true,"audioPlay":false,"sceneViewState":{"m_AlwaysRefresh":false,"showFog":false,"showSkybox":false,"showFlares":false,"showImageEffects":false,"showParticleSystems":false,"showVisualEffectGraphs":true,"m_FxEnabled":true},"in2DMode":false,"pivot":{"x":0.4029006361961365,"y":-3.0499095916748049,"z":-2.2577104568481447},"rotation":{"x":-0.3561767339706421,"y":0.00870436616241932,"z":0.003317455528303981,"w":0.9343904852867127},"size":2.517705202102661,"orthographic":false}