{"cameraMode":{"drawMode":0,"name":"Shaded","section":"Shading Mode"},"sceneLighting":true,"audioPlay":false,"sceneViewState":{"m_AlwaysRefresh":false,"showFog":false,"showSkybox":false,"showFlares":false,"showImageEffects":false,"showParticleSystems":false,"showVisualEffectGraphs":true,"m_FxEnabled":true},"in2DMode":false,"pivot":{"x":-0.40407609939575198,"y":-10.684915542602539,"z":13.05052375793457},"rotation":{"x":0.039244648069143298,"y":0.055743273347616199,"z":-0.002191829029470682,"w":0.997681736946106},"size":22.759851455688478,"orthographic":false}